PK_LOCALIDADE;customer_address_1;customer_address_2;customer_address_3;customer_address_4;address_number;region_code;region_name;city;country;state;zip_code
04d15102dddd04edab6f912bf1a166f41b8bf6399432a4409892d0f86d169827;299 East Country Road 300 South;Não informado;Não informado;Não informado;10019942;4;Central;New Castle;US;IN;47362
1349885f64a28240cac9d783ca4d6ba573387bacc2e5fdece36dc9ac030df923;1155 Mackay Street;Não informado;Não informado;Não informado;10020448;0;Canada;Regina;CA;SK;S4N 4X9
7f3a2a2482aaf30f01d0fb900590b2689d810444fda073aea77fd5c9fbee4189;Não informado;Não informado;Não informado;Não informado;10020193;5;International;Não informado;UK;Não informado;Não informado
0fa2cc9cddf347902903c0a5b8fa6e074d7d59eb2bc444727de6d510db3aa226;PO Box 20505;Não informado;Não informado;Não informado;10004256;1;Western;Portland;US;OR;97294
be76a2da937fce2e434bafffd1522aa11f667f7165f778c720de0b54a373e4b8;Avda Bdo O'Higgins;Não informado;Não informado;Não informado;10014540;5;International;1980 Santiago;UK;Não informado;Não informado
b7cad4c3f3287c5677baea32174b6803f0a03d832bffa17076da989226b4a962;6710 76 Avenue;Não informado;Não informado;Não informado;10019410;0;Canada;Edmonton;CA;AB;T6B 0A8
8e5799365c1303c6264c594d320977b800177052a933af02969b02ed7a2557c1;209 Sanford Road (Route 109);Não informado;Não informado;Não informado;10008602;3;Northeast;Wells;US;ME;4090
679d53128ffe7b3ebdfa62c63d59713566640470544263d2a5b9b2bc68e474a3;9475 192 Street;Não informado;Não informado;Não informado;10021472;0;Canada;Surrey;CA;BC;V3T 4W2
539ec8806a539be4305e4ccf9d517a01cfdfb1f94aec8bfbe9626c2716ff9f68;PO Box 5364;Não informado;Não informado;Não informado;10006093;4;Central;Evansville;US;IN;47716-5364
407b9a378544091e495541ed3f2e1ac6397da9f9a4a483f486b8b8fd9c52cc47;PO Box 10455;Não informado;Não informado;Não informado;10017576;2;Southern;New Orleans;US;LA;70181
c1cad782764b29950c67718fd589059e5543b22639bacb274f13fdd76e4106ee;Central Division;PO BOX 600;Não informado;Não informado;10023715;4;Central;Plainfield;US;IN;46168-0600
956f28b202284ffa759586ced7367a2457044725b6f33e4b8046150446b10aad;150-3 Chilkei-Dong;Não informado;Não informado;Não informado;10025052;5;International;Songtan SI;AU;Não informado;459-050
456f6683b508657184cda5d0e4d323f85a338b81dafb401855f28777bef485e1;1391 Gay Lussac;Não informado;Não informado;Não informado;10000461;0;Canada;Boucherville;CA;QU;J4B 7K1
958321d8abd7d0b7bdbaa2e9a2906b7c2049a7e1ba9c63e8610835518161b513;Plaza Venezuela 1413-1425;Não informado;Não informado;Não informado;10009650;5;International;La Paz;UK;Não informado;Não informado
2bd29430f8b2ee70d5382ad4e9dcc9ce10dbcf0518870fc1fc88bf4bfc6fd0f2;Attention  Accounts Payable Department;PO Box 12990;Não informado;Não informado;10025269;4;Central;Overland Park;US;KS;66282-2990
98ff4cce851f12c2d2e7d6b1124b98d5fc77480f333b298ee65add2b97983a34;8302 Jet Pilot;Não informado;Não informado;Não informado;10024499;2;Southern;Houston;US;TX;77075
8f32ebd5c17aa4da04e276f1c017aa79f28d0b9668f012540137c179a5114b14;2916-21st Street Northeast;Não informado;Não informado;Não informado;10014471;0;Canada;Calgary;CA;AB;T2E 6Z2
cbc0cae602f7a78934c8d98c0a6e603ffcf48367761f109f3856304d781888a2;RU-3 Hamamatsu Nishi;PO Box 1;Não informado;Não informado;10025241;5;International;Hamamatsu City;AU;Não informado;432-8611
59a81dbf534c7570e37d86ebce76b59b0dd19282cdb4739eeac773ace106da32;16215 118th Avenue;Não informado;Não informado;Não informado;10024034;0;Canada;Edmonton;CA;AB;T5V 1C7
2ceee47e891d7c9b272488c0b9cade8787db482633f4ea3f8310f3416648c0f3;Attention: Anna Markert;3111 W Allegheny Avenue;Não informado;Não informado;10015783;3;Northeast;Philadelphia;US;PA;19132
ad4e291f9f4e431c9b159baf4dce11bb58fda2b6ae2538d0f6535da84ce06065;3248 Auburn Boulevard;Não informado;Não informado;Não informado;10020192;1;Western;Sacramento;US;CA;95821
9d6170a77c51024a84d13528e5c349f47bcea2b43fae3527d8b30e78f00eaed3;Weser Ems Strasse 2-4;Não informado;Não informado;Não informado;10026081;5;International;Bremen;UK;Não informado;D-28390
ad9865b3b157f250b75f0fe582ac58bd158fc0dd902f9db55f0c045376d21039;Attention Accounts Payable Department;PO Box 12990;Não informado;Não informado;10016334;4;Central;Overland Park;US;KS;66282-2990
bfd7280c3ed70ad64488919e0433093bb85b55591d627bb11c43473d6f6f2bff;731 North Beford Road;Não informado;Não informado;Não informado;10025062;3;Northeast;Bedford Hills;US;NY;10507
6c34b35aec9dd3569a31bd949b12f7ae95768d56d7129adff6b2ef344cac8636;Attention:  Accounts Payable;300 East Norway Avenue;Não informado;Não informado;10024010;4;Central;Mitchell;US;SD;57301-7064
a66919954565376b9a440ce61f8a1ea28ffbea15c9c8edf171ab26f536b1caef;PO Box 21;Não informado;Não informado;Não informado;10025549;3;Northeast;Shady Grove;US;PA;17256-0021
fc879a066cb1d58bfe6984ac553c0c1aec3f66fe9269dfaa2885f58c1e3e2698;PO Box 174;Não informado;Não informado;Não informado;10024725;2;Southern;Jasper;US;TX;75951
25b8525d0d4d7f606e40be84d3593572fd5d5bd4d0c80e3460324b05bb4db4ba;Vehicle Operations;Building 540 53G/23/1;Banbury Road;Não informado;10004516;5;International;Lighthorne Warwick;UK;Não informado;CV35 ORG
b5a6645a2b25a3129ac3d9a057ec33e496d07ba278b8969b388ee1a56a52afd8;S Gravendam Seweg 53;Não informado;Não informado;Não informado;10014238;5;International;2215 TC Voorhout;IR;Não informado;Não informado
aa3358c49da3461a1f4985496b2ca1a8ebd1445cd8a92b409da74a00ece1dfda;PO Box 5308;Não informado;Não informado;Não informado;10025243;2;Southern;Longview;US;TX;75608
dff42a409d80c0e40a0f1ea12769cd21f0587d9317b75cbe48c4c6b9ef13f97d;5745 N Tryon Street;Não informado;Não informado;Não informado;10000475;2;Southern;Charlotte;US;NC;28213
5bea3b6443975a0871af83d9e4303188085f115a89017c35d10dd94238313a24;845 Third Street;Não informado;Não informado;Não informado;10022431;3;Northeast;Vinton;US;VA;24179
e283808936e43c27ab534986531d45415c587191bdf2519126cc1dea1e54fc65;2402 West Valley Highway North;Não informado;Não informado;Não informado;10025025;1;Western;Auburn;US;WA;98001
bba520ef3233d5a39a64003f7bf11ada22bdad5c6c2b95cd8d81bce045601ecd;2401 East 31st Street;PO Box 72638;Não informado;Não informado;10025285;2;Southern;Chattanooga;US;TN;37407
f2f83f40bd7d53f845e59a4b2369a441208c3523cee2bd219b8f867eb6129f84;PO Box 450;Não informado;Não informado;Não informado;10009656;1;Western;Trinity Center;US;CA;96091
9d38a9580a6dc5af9d3d40299a678aa53abfb1e4ff87e2011702d45520673a3b;17 Perry Road;Não informado;Não informado;Não informado;10018623;2;Southern;Laurel;US;MS;39440
f8e881e5f4384b16f99baba097ef0adc34a6b41eaca82b2d7d4368cb3ed09982;Los Angeles PDC #14;Attention   Accounts Payable;PO Box 5555;Não informado;10021203;1;Western;Costa Mesa;US;CA;92626-5555
3beb968f006c9fec82d1f914a1a314b6639a45d1d3326cb2e0064c324edbd46a;PO Box 900;Não informado;Não informado;Não informado;10022732;2;Southern;Lake Hamilton;US;FL;33851
9169ed2976a2e4ecc1fbc89e76278bd7ec43f857de7b9b2cd6abe3d4b7e881fe;Am Schwimmbad 8;Postfach 2008;Não informado;Não informado;10020181;5;International;D 95326 Kulmbach;UK;Não informado;Não informado
d740b5976704b131f5721ec614477bfc033bfd268efe90b2b6d87b1a7132ac49;22015 South I-35;Não informado;Não informado;Não informado;10007122;2;Southern;Buda;US;TX;78610
5eb00fda9822d3dc4f32ddfbbd99512df63ddf468783e941be7b45a35897e977;PO Box 568;Não informado;Não informado;Não informado;10025038;3;Northeast;Mechanicsburg;US;PA;17055
8df88cf4e64f76c5b73bb6206d49d880d95c46bd203bb66789573f845c1b31a7;207 North Scott;Não informado;Não informado;Não informado;10013509;4;Central;Joliet;US;IL;60435
d9b90742c9d3d931db39af03efd883c24147725923275141fd199a367c07810c;640 N Eldorado Street;Não informado;Não informado;Não informado;10023513;1;Western;Stockton;US;CA;95205
874b2c8c6db503298bff3cb97e64518ef15115ed0466e0e49f21cb9a768cbd6c;Attention: Accounts Payable;4900 Alliance Gateway Freeway;Não informado;Não informado;10023538;2;Southern;Fort Worth;US;TX;76177
fa2afda23d44bbb504422fe3c96614ca57ff9455dd47363bda320ae4c311480d;7225 NW 25th Street;Não informado;Não informado;Não informado;10006037;2;Southern;Miami;US;FL;33122
0fc98c65d34a6bc6631d68ac609bfee05dc1e1ae63ed1eb7afee96f3f531a3cd;Private Mail Bag 53;St Peters NSW 2044;Não informado;Não informado;10025063;5;International;Não informado;UK;Não informado;Não informado
bb380030b81a2c5d96fe261cb315381898f176223d30d79edf6f4d588a637ecd;PO Box 2187;Não informado;Não informado;Não informado;10021911;2;Southern;Tupelo;US;MS;38803-2187
b780a1edde93feab324418880f366a864b4c645e21797cd187b29808557c6a39;Unicity Distribution Systems;1445 Church Avenue;Não informado;Não informado;10016609;0;Canada;Winnepeg;CA;MB;R2X 2X9
31ada19f01944b561a5586e35387322e019a449fb5ae31d797d5572975942931;17010 S Main Street;PO Box 88;Não informado;Não informado;10010698;1;Western;Gardena;US;CA;90248
aa31d02696308e5f4f05e4c822b85feeca51bd88e76fb88e042324a69cd71389;PO Box 10361;Não informado;Não informado;Não informado;10022167;5;International;Georgetown;AU;Não informado;Não informado
def9c32cc12caadcddf8e4dae211c785ebd242f6e97de859494cc001e96ad080;Greenville PDC #23;52 Bruce Road;Não informado;Não informado;10016542;2;Southern;Greenville;US;SC;29605
d56984dd306107080aec34bccd1b7e8f7f59aa0a24baba1ad7a20c7df28630c4;125 Hampton Ct.;Não informado;Não informado;Não informado;10025560;2;Southern;Cramerton;US;NC;28032
06452494595ad786d97757d9e9c2c65188b9194e7b004a39f0ed6e072477b6dd;2106 South Riverside Road;Não informado;Não informado;Não informado;10007566;4;Central;St Joseph;US;MO;64507-9799
84498dc919314fbbd3232957cc346d9ee7ef71b16b9b378b6086ecff8b6d8302;16241 South Us 27;Não informado;Não informado;Não informado;10020390;4;Central;Lansing;US;MI;48906
d954736a62a6f0508321705d8c22ee5749e4e30055fcbd8a5a93c85b7ea2a995;5325 Still Creek Road;Não informado;Não informado;Não informado;10022687;0;Canada;Burnaby;CA;BC;V2X 3K6
3e4fa6b75ee04695c856579d8f534c50e54f30bc735b3df22fb816c2ec913750;100 Gasoline Alley  Suite A;Não informado;Não informado;Não informado;10021415;4;Central;Indianopolis;US;IN;46222
e94412b875888f59862a2eb675d0662d8e674da6913a709bb07cf5eb00bc7329;1760 C Airport Road;Não informado;Não informado;Não informado;10022183;1;Western;Breckenridge;US;CO;80424
38addbcbd1df87dbec956433998b9214bbdde24ef3f412116ed57db62d23a01c;Av Blandin Chacao;Não informado;Não informado;Não informado;10022201;5;International;Carcas;UK;Não informado;Não informado
cd3d90f4eaf156fd2d3fb0f8a0ff944b2f2264d5efbd5a19c9968537f06d829b;Av 6A Norte 25 N 43;Não informado;Não informado;Não informado;10012761;5;International;Cali;UK;Não informado;Não informado
82bbeac3a7294092af970d6f71c844736fe308656079b1c50ede9e64d3ee78c6;3248 Auburn Boulevard;Não informado;Não informado;Não informado;10019678;1;Western;Sacramento;US;CA;95821
2bc14730a2ec41c4cbc41d7f629f836d9226d5983059ca7f31f9fa5f33f97a99;2192 Viking Drive;Não informado;Não informado;Não informado;10015030;1;Western;Anchorage;US;AK;99501
f422a55884ce06b64c6d17a675fad1c437b10d8142f04984c89eb98ec0c147ee;Não informado;Não informado;Não informado;Não informado;10025304;5;International;Não informado;UK;Não informado;Não informado
7602cb00d4557a2815d49524b6cb8ba00041117e870b26f912cb51e7e090d116;23308 Airpark Drive;Não informado;Não informado;Não informado;10008134;3;Northeast;Petersburg;US;VA;23803
024ea9aa2aaa7e6792987ab9eb6cc1f47938b249975be7ae456311a92b7bc5ec;Memphis PDC #19;Attention   Accounts Payable;PO Box 786;Não informado;10021459;2;Southern;Olive Branch;US;MS;38654-3703
2f61b213f52fce3e25892c08dce32412dd25eecf552a16916229cc4ba6171ad1;60 Depot Street;Não informado;Não informado;Não informado;10016303;3;Northeast;Buffalo;US;NY;14206
5cebbc83c5dc5e3c97357bbdda5ed1099c6d89a5d992aae11fc859bf52d564bb;DUMEN SOK. No:3 D.9;GUMUSSUYU;Takism;Não informado;10023703;5;International;Istanbul;AU;Não informado;80090
704f4cb896e2bd66fe548e9b5859fcbb3b972b0211cec14c022bc04cf22880ba;Attention: Charlene Hoyer;500 North Morton Avenue;PO Box 474;Não informado;10027583;4;Central;Morton;US;IL;61550-0474
d73711deb9e2cbf85ed2edf68380a8d0dfcbff495edf16c2ee4bcf0fcb944b97;Attention:  Accounts Payable;5500 East Second Street 2nd Floor;Não informado;Não informado;10024003;1;Western;Benicia;US;CA;94510-1020
6b93e6c941b32388d89de1f27ad717e67322909815b10b4a2f7fa43ce3ca4bb0;3248 Auburn Boulevard;Não informado;Não informado;Não informado;10015793;1;Western;Sacramento;US;CA;95821
2c036a9f63c7fc630fd933ab1ff5b5ad22e9ce536a11d5d95ee14071737683eb;1601 East 29th Street;Não informado;Não informado;Não informado;10015275;4;Central;Marshfield;US;WI;54449
ae4b327123cdeb6a26dcab5f6ed1f42359ab18495d427afe76c8836215f4c405;PO Box 7647;Não informado;Não informado;Não informado;10023783;2;Southern;Pine Bluff;US;AR;71611-7647
5afb51470133067885a6894a18ffddf60ff5c039ded84d68bd47ba160a3e539c;13270 SE Pheasant Court;Não informado;Não informado;Não informado;10025049;1;Western;Milwaukie;US;OR;97222
71056bc90587d62aacab95e8a738a4f02c152e6534857b3c28a372096f52d48e;9605 56th Avenue;Não informado;Não informado;Não informado;10010887;0;Canada;Edmonton;CA;AB;T6E 0B2
8599efe2d874e953cefff1c2a915cff40262b168d39c99464c1760a77368ddca;1935 S Campbell;Não informado;Não informado;Não informado;10014264;4;Central;Springfield;US;MO;65898
0740f6276f342e6f500fd29d5361aea70d98f128b17eb593e8ad859d7bdb6d4d;500 Airport Drive;Não informado;Não informado;Não informado;10019909;4;Central;Shawano;US;WI;54166
efb9edae3d9a9452666ba2ecf0c8b2d8f77cc7c0c77336bb6b412eb2749a857d;703 Waverly Street;Route 135;Não informado;Não informado;10011198;3;Northeast;Framingham;US;MA;1702
564db1448f8928ed3c29d137f786cd2d5020f4ca87075e0ffa5d707e4e20102b;7216 Ritchie Highway;Não informado;Não informado;Não informado;10020388;3;Northeast;Glen Burnie;US;MD;21061
e70c0e437d4484554c51dd18a94562593d46b4ad445d5ed2af16d4e0604a30f5;Central Accounting Service;PO Box 2900;Não informado;Não informado;10025237;0;Canada;Oakville;CA;ON;L6J 5E6
1a528c05175d4bc2a4661c689eb8d4d05b2641514fceb39d59b62431ebd46323;231 Yangjae Dong;Não informado;Não informado;Não informado;10010923;5;International;Seocho-GU;AU;Não informado;137-938
08016895796311c8b17e01e8764aaf461382d1a4f583e6f529ad020ff61a3e98;Paseo Colon Calles 34-36;Não informado;Não informado;Não informado;10005043;5;International;San Jose;UK;Não informado;Não informado
5e621b32c4738bfe9f08401b8ae2dd1c1bcb244c280c1350230233b8073c8d6d;Division Of Pontiac Michigan;17575 PP-CPDC;1251 Joslyn Road Dock 4;Não informado;10024255;4;Central;Pontiac;US;MI;48340-2956
a2a6be3ef58cbaef8933c7ff43a77abd5c7b85b53105740ea9232f43ac62949c;Não informado;Não informado;Não informado;Não informado;10009633;5;International;Não informado;UK;Não informado;Não informado
8331a31159525441a2be391402d0da6eaa3599e6a4dfcab2fcd1d1208fc1500a;PO Box 840;Não informado;Não informado;Não informado;10000458;4;Central;Saginaw;US;MI;48606
161c58741b5a4e13d151c6176eecf6988e24fdc41b25aaac5ba0a922aa5c5da1;PO Box 68;Não informado;Não informado;Não informado;10027053;4;Central;Raleigh;US;IL;62977-0068
72986b23e954cdc39936c467e72b7ff3844e0ff2cbca7ef124594ae4c78f54b4;9555 Airline Highway;Não informado;Não informado;Não informado;10004302;2;Southern;Baton Rouge;US;LA;70815
ff27d8198aaa338edcfa274e2e22230a86ffdea3f4ded404ebd229330aa1b383;5702 Industry Lane Unit B1 & 2;Não informado;Não informado;Não informado;10010906;3;Northeast;Frederick;US;MD;21704
657dacba67653e73aee603a873861a8528705f74f1fdecb25873bf0314c40f14;170 Industrial Boulevard;Não informado;Não informado;Não informado;10010884;0;Canada;Boucherville;CA;QU;J4B 2X3
20cc6c484429131fc285bc1f6743f7bf56dedc62d1f6c996f5691844ad1f2b44;6029 Mechanicsville Pike;Não informado;Não informado;Não informado;10019105;3;Northeast;Mechanicsville;US;VA;23111
bd6b565bb2012610ee239663c812dd8b6b0c87b54b98c07568f55a69515b5e23;8901 Montana Avenue;Não informado;Não informado;Não informado;10017314;2;Southern;El Paso;US;TX;79925
989555c3898178391a4c1fdbdaab34b8735e2ac6a05ab679aad3f9838eb4e399;9049 Tyler Blvd.;Não informado;Não informado;Não informado;10025039;4;Central;Mentor;US;OH;44060
dd5ebc5ce241ea298fd1b7514e66f33320484fe04fe099804d9f5e7ef307802c;400 Jay Street;Não informado;Não informado;Não informado;10023003;4;Central;Coldwater;US;MI;49036
821e1c9602020de7b79d9ca16916e19749bcf487d370976475f467baa5cba1b3;PO Box 366;Não informado;Não informado;Não informado;10025287;4;Central;Brookfield;US;WI;53008
3792ae752dbecdf99dec9c158f9db19ca6afa7af078881ebe23aadf2eeb6241f;PO Box 1010;Não informado;Não informado;Não informado;10024270;1;Western;Maxwell;US;CA;95955
5b6bbc718260dae5b09daf6c5b774afb164fa03de3419a785c9a81c5e15d26f2;301 Iddings Street;PO Box 865;Não informado;Não informado;10008638;3;Northeast;Milesburg;US;PA;16853
ddf4a276a842ca2701c6891998b19e32c1bfff9c78296def081876456c41b2f4;Attention: Linda;100 Business Center Drive;Não informado;Não informado;10022470;2;Southern;Ormond Beach;US;FL;32176
cf8afd4de62c98d074378478cbb374dae7cc872a7747dee7b96bd9756de814c4;3204 W Mill Road;Não informado;Não informado;Não informado;10027050;4;Central;Milwaukie;US;WI;53209
84c4942288eff56a7952714d213614fe448f3168baa7c5ed3d8a0ec175a6c169;4345 South West Boulevard;Não informado;Não informado;Não informado;10025302;2;Southern;Tulsa;US;OK;74107
78bcee1995aff0b721ffb5ce5d7f589893a24d80a87780d35ac75a7a8bbc9dba;1023 Kansas Avenue;Não informado;Não informado;Não informado;10006846;1;Western;Modesto;US;CA;95351
9b0689ed4f268a0b475baf9888b8b7de0b83f36c587bef366a484f5c3d4b1908;Attention: Accounts Payable;PO Box 21502;Não informado;Não informado;10000480;1;Western;Phoenix;US;AZ;85036-1502
20f20d71de9d3baef65eee924ffd1fdf71ebce159cc41b7a72fa1a294ef9e4ad;PO Box 24217;Não informado;Não informado;Não informado;10022678;3;Northeast;Richmond;US;VA;23224
d004e4a5a1c5c926118986c35385fc8b16f21b6bd504f0b14e9ec64a8399d651;AV 6 DE DICIEMBRE;N47225 Y Samuel Fritz;Não informado;Não informado;10006836;5;International;Quito;UK;Não informado;Não informado
ae59e8003a26f8508bfbf27abce6c44b427cc5203db13716d582363d250a7c0a;32722 Highway 45;Não informado;Não informado;Não informado;10011521;2;Southern;Okolona;US;MS;38860
4e84117eb29e980f9fb6576636602f50ab9720d1b5d7d88fb2479e5726551ad4;PO Box 3445;Não informado;Não informado;Não informado;10020639;2;Southern;Tulsa;US;OK;74101-3445
bdf1a7e5a78cd2afde40046ce6e08a797ab374f0bdbf77b5cf246d1d601c5c23;Não informado;Não informado;Não informado;Não informado;10025239;5;International;Não informado;UK;Não informado;Não informado
866dc3b113b60d976174129a11fef2da8696942298550bbce4f2c721a8ee300f;12110 Best Place;Não informado;Não informado;Não informado;10022423;4;Central;Cincinnati;US;OH;45241
e231fdea1d6f092e8c7fad14358950676ed6f51cd630c3fb3747b31f6a814142;Chicago PDC #22;Attention  Accounts Payable;PO Box 2060;Não informado;10014533;4;Central;Aurora;US;IL;60507-2060
836b69f51886266611b8c45243560fac8924e8faab4e170d42e4fd42844d987c;PO Box 12932;Não informado;Não informado;Não informado;10018603;5;International;Dubai;UK;Não informado;Não informado
d55d982fea7fd9c36211acfe5494e3497b74f8e53bd6fbd112530c3c07cc05ce;Worldwide Purchasing;1999 Center Point Parkway;Mail Code 483-550-200;Não informado;10020446;4;Central;Pontiac;US;MI;48341
649d453dc2597a3130d1d4975589e5cef1df8d78c67dec4255f597f946d7614d;4747 N Channel Ave;Não informado;Não informado;Não informado;10004245;1;Western;Portland;US;OR;97208-3591
438b6e895d7b218f6cf4ff997152c507febc62469245a140545760e0ff575add;390 Fountain Street;Não informado;Não informado;Não informado;10025247;3;Northeast;Pittsburgh;US;PA;15238
3098f60f01c83c66bcfda493654e072b59305b61089f38272539d82f719ccd6c;128 So. 2nd Avenue;Não informado;Não informado;Não informado;10018885;1;Western;Pocatello;US;ID;83201
553a4b164db6de5405feaff991ba966ea565cbd8674b010b495b6e706275740f;Svarvarvagen 14;Não informado;Não informado;Não informado;10015011;5;International;SE-132 28 Saltsjo-Boo;AU;Não informado;Não informado
a0824851f51dfb36e7b8abbb582b2d4c38468a8bd536ce1c56189416a1f81b8b;PO Box 461090;Não informado;Não informado;Não informado;10026078;4;Central;Bedford;US;OH;44146
a6090cc418d74b40c2a899b29b2bc918de6b32e690b491a09279d44f79e4546d;3213 Orange Grove Avenue;Não informado;Não informado;Não informado;10000466;1;Western;North Highlands;US;CA;95660
92ca437ca10991c597383f2210ac9e4390fa6fe84aede3a0ec8fe040b82a2340;4700 Rangeline Road;Não informado;Não informado;Não informado;10016548;2;Southern;Mobile;US;AL;36619
40519b1110e5ad9524d016885a56c89792561a60394d63e578de7e365c182f81;FOB: Clackamas;Attention: Accounts Payable Department;PO Box 47700;Não informado;10021485;4;Central;Hamel;US;MN;55340-0700
1ecd07de7a0c1fabc30e8c807d1a3d7a2c4335feb0fa44536eed3e15d0fad717;Attention: Doris Nielson;PO Box 26005;Não informado;Não informado;10002506;1;Western;Salt Lake City;US;UT;84126
52b7daf157e7b946e8ea6e48f771020ad627688dfa56a6dc5107ee45f6101390;Vagnhofda 23;Não informado;Não informado;Não informado;10013011;5;International;112 Reyjavik;AU;Não informado;Não informado
1e0ac829579fdd374f741cd3749ffa00385d93be846ed704ecf058a6a28c9bf6;Rua Sepetiba 464;Não informado;Não informado;Não informado;10007866;5;International;Sao Paulo;UK;Não informado;5052
1f29a03a70466155fb4af1bb98d47b9d9cb262a28006a17c703c761beb9c70fe;709 Rivergate Parkway;Não informado;Não informado;Não informado;10000460;2;Southern;Goodlettsville;US;TN;37072
e87bbbe2e26239517d9aab4cdf7cd282e7a108570a4236b9d7d56f874f965e81;610 Garfield Avenue;Não informado;Não informado;Não informado;10009662;3;Northeast;West Point;US;PA;19486
d950580b1ff577d1b8b614aeb7d44e411e8143ddb78fc8b90e6bd0267c05eef9;1200 North Ellis Street;Não informado;Não informado;Não informado;10002746;4;Central;Bensonville;US;IL;60106-1119
ba23019a7b0237ca98522b324dc71998d11ab3bae9cfc9fe0b6ee86877ee5963;PO Box 3283;Não informado;Não informado;Não informado;10025571;4;Central;Des Moines;US;IA;50316-0283
0063102ef89c14d23749f14a826e11e94cf59d37f36eff8a7b49c229c43a2c05;PO box 204658;Não informado;Não informado;Não informado;10009660;2;Southern;Augusta;US;GA;30917-4658
eb6ce57192960637ad4a025e138669272c2e9ff448545604fc308fb6474f4e43;PO Box 70;Não informado;Não informado;Não informado;10023778;1;Western;Hillsboro;US;OR;97123
19840cd24ccb11f16d77f42c06a41c1f9fb21433e5d6c871473a84fea5f2b9a0;PO Box 790;Não informado;Não informado;Não informado;10018580;2;Southern;Beaumont;US;TX;77704
eb353ecf8dbca812ecdc3b523be90d638d1949f584a4453c6cd3e7a71d106210;Modulo 2 Manzana 27;Parque Industrial;Não informado;Não informado;10024477;5;International;Santa Cruz;UK;Não informado;Não informado
fc79346446c0efeda25469c3e091f8844f9dd58585cb90f729dae5b0acf9d712;PO Box 5418;Não informado;Não informado;Não informado;10021175;2;Southern;Johnson City;US;TN;37602-5418
244048f558507229fcdc121c3c460110bf226799bb1998b86562ec79702a1da8;Box 1178;Não informado;Não informado;Não informado;10018146;0;Canada;Fort Macleod;CA;AB;T0L 0Z0
ce3c40c972c54b0c63da8bec08dede277aaf495e7185ff4e240c503b7f78131a;14312 Stenbock Way NE #F;Não informado;Não informado;Não informado;10021184;1;Western;Aurora;US;OR;97002
59f6863d0a7a9ff7967089f4b5dee0697d03be24e04b40a754436083176152fc;10401 Boul Parkway;Não informado;Não informado;Não informado;10017307;0;Canada;Anjou;CA;QU;H1V 1R4
437d0156568806893131001ae0d43c212eb83da981edc7a529ad2f02f9008cf3;PO Box 206;Não informado;Não informado;Não informado;10014779;3;Northeast;Fairview;US;NJ;7022
d787792e4f20fb0c420b4952a33ff903d8f7cb0353b83388e8daf68c19565924;Attention:  Accounts Payable;7025 Ontario Street East;Não informado;Não informado;10000469;0;Canada;Montreal;CA;QU;H1N 2B3
2b39a568d34fa6a2523844dc6136fc5d605f0c9aa5cdaf8dddb35cfee5b3ad68;2755 Kirila Boulevard;Não informado;Não informado;Não informado;10003720;3;Northeast;Hermitage;US;PA;16148
8a7f50ce382e9c75edc383bd7150da2661cfa9f6a8e8310d7faa088cf8568e75;9950 Jeronimo Road;Attention: Sohaila;Não informado;Não informado;10024022;1;Western;Irvine;US;CA;92618
5dd3bd71c082355ee850679f07b89626f1ee11a244a9771ac3cf22e563a00dc2;975 Main Street;Não informado;Não informado;Não informado;10016047;2;Southern;Nashville;US;TN;37206
10e1e0383583a1b41924d0398e2371a96474b1048783e5120b229448fb970073;Jacksonville PDC #21;Attention  Accounts Payable;PO Box 23017;Não informado;10019150;2;Southern;Jacksonville;US;FL;32241-3017
4caafaa0f110337fb1067673ae5f8af4313890e0d2e9163ca1b0de31c0c1e631;1201 Sycamore Avenue;Não informado;Não informado;Não informado;10026839;2;Southern;Greenwood;US;MS;38930
eeeb59c9b7fd04d6a937094c46c62be4ad6cec97d469f27ff1a0e4e2055778e5;PO Box 762;Não informado;Não informado;Não informado;10017828;1;Western;Cypress;US;CA;90630
1ce607ca5cb4de442aa98fe315bd8105657ce2cbd522789fa173663df7a3801b;3340 A Sunrise Boulevard;Não informado;Não informado;Não informado;10022456;1;Western;Rancho Cordova;US;CA;95742-7316
f702b39e81a1165b79d7d686021892d230ce03c4d6fc916cab4549a5ad553b2f;7320 West Market Street;Não informado;Não informado;Não informado;10020962;3;Northeast;Mercer;US;PA;16137
97ab4cf51a7b86dde487addbd120bde542f6a6394b3927ab207e269579e12b7a;14296 South Pony Express Road;Não informado;Não informado;Não informado;10021222;1;Western;Buffdale;US;UT;84065
8156b7b5e6150f258f4dae15f7d0c7ca4af6ddc7daeab85a7e3d91a5e2316f02;316 Millar Avenue;Não informado;Não informado;Não informado;10021179;1;Western;El Cajon;US;CA;92020
a8deb3c06f3a0803eea561d35050b5cad204ab4cd58c09e2511a0586f785d2fb;19745 Meekland Avenue;Não informado;Não informado;Não informado;10025284;1;Western;Hayward;US;CA;94541
883c6f5e6be6b0ea13a9c68f186bbcbe77dd2db17753e1da66a80ff5572a9d0d;Bromley St Lye Stourbridge;Não informado;Não informado;Não informado;10025022;5;International;West Midlands;UK;Não informado;DY9 8HS
b17c2d7504c56e0b64ac44ecca39b9e42ab4b2f81491fbbf296a7807ba814307;1111 Finch Avenue West;Unit #22;Não informado;Não informado;10025298;0;Canada;Toronto;CA;ON;M3J 2E5
3ea0a10c8b42dd7024ae051775db52f73376b354b6c46e4c29207fc414045f03;666  South Thompson Road;Não informado;Não informado;Não informado;10025296;4;Central;Sun Prairie;US;WI;53590-2553
d1791c071696f50a0e872512c4da2bada949cb8cf0359da5c0b8cecd47e39e98;6025 Corridor Parkway;Não informado;Não informado;Não informado;10016588;2;Southern;Schertz;US;TX;78154-3214
784f99a1608303a0a2125b21fd3d044c3b7979c55a62a79bc2c5b3c7b3846b75;7210 Gateway East;Não informado;Não informado;Não informado;10019897;2;Southern;El Paso;US;TX;79915
91d32b3bd2c5fd0d5c078623c293dc29f34e8540f62575e99a94ef3139391b63;Detroit Technical Center;37002 Industrial Road;Não informado;Não informado;10022444;4;Central;Livonia;US;MI;48150
3bb3ba43379416f8d1ee19ba929b86fee0a29f19be30aa6f11ae86162478cd51;812 Draper Avenue;Não informado;Não informado;Não informado;10009642;4;Central;Joliet;US;IL;60432
4ad9a4e7069949841f7401ea71508e2d07a046856c67f66ffd0dd55ecb916a75;PO Box 880 PC-112;Não informado;Não informado;Não informado;10019420;5;International;Ruwi;IR;Não informado;Não informado
875dc3e16e0a96e24346242d02ed4c3fe8dcfac7b6095930e0ec1bdc7733b8c1;Attention  Accounts Payable Department;PO Box 12990;Não informado;Não informado;10010914;4;Central;Overland Park;US;KS;66282-2990
68b79d4a4af378fda47990e2463ab3671a9c5d63fd305235dcdabfe0dace1ed9;PO Box 105;Não informado;Não informado;Não informado;10009606;5;International;Kilsyth;UK;Não informado;3136
9ffd279f6fca56f6f49bc58dad6c9d6dad4c66c2f785814e5535a7f4689c00af;Attention  Accounts Payable Department;PO Box 12990;Não informado;Não informado;10018644;4;Central;Overland Park;US;KS;66282-2990
21f4a8df6395fc2ba06b2c3ca6c8ea5c846eff5312a41a5d04fb4f81e7f4abc0;60 Lafayette Road;Não informado;Não informado;Não informado;10023760;3;Northeast;North Hampton;US;NH;3862
dd3398803f0292981a3ac956761b5310644296dceafdcd5f10f5345a16de5a6a;Kelapa Gading Kirana;Blok H13 Number 30-31;Não informado;Não informado;10020662;5;International;Jakarta Utara;AU;Não informado;Não informado
ad774dd58ab2292114ad325a98bedb88542d446c7a401fbadb11352a70707f5a;1665 Shawson Drive;Não informado;Não informado;Não informado;10022240;0;Canada;Mississauga;CA;ON;L4W 1T7
afe1b4ecba6c3d90f7a5d311e3ed5622ac0514345a4689842f641a81a7e4bcbf;PO Box 1006;Não informado;Não informado;Não informado;10023524;2;Southern;Clemson;US;SC;29633
e05f40b2814dd2879ad76319fab96e7f727df29332062a3483f5fdf4408a0b31;Transversal 49 No. 102-00;Não informado;Não informado;Não informado;10017290;5;International;Bogota;UK;Não informado;Não informado
065671ced9ba58f075d45cbc2bef08c53c7e13edfe0352beda4165247c6bc8ad;Attention: Accounts Payable;PO Box 21502;Não informado;Não informado;10009672;1;Western;Phoenix;US;AZ;85036
973b376419105b770536f4b1228dcbc98368833c6990a170e90949b0b82a32e0;513 West Waters Avenue;Não informado;Não informado;Não informado;10023509;2;Southern;Tampa;US;FL;33604
ef1681dbb6b015823f3db8e680dc6851353c06fbf05da6c1b6cdf6047c3dc7fb;Avda 10 De Mayo S/N;Não informado;Não informado;Não informado;10020715;5;International;Linares (Jaen);UK;Não informado;23700
2284a96d7180d9a5e4697688a9353c796fa91c98f65aec03066df7963f8078f7;Field Accounting Department;PO Box 2003;Não informado;Não informado;10018871;4;Central;Livonia;US;MI;48151
17f42ed0902c885219fb636b867452e35827a3b50d0b10637639c34a6b099c30;2610 NW 10th Street;Não informado;Não informado;Não informado;10022764;2;Southern;Ocala;US;FL;34475
94b29b2daf08dba9d939f5c9da49c6c81339d37f6a9c11fd00dbbbc66ffe4ada;One Industrial Complex;Não informado;Não informado;Não informado;10025583;3;Northeast;Nesquehoning;US;PA;18240
c7d3bfa3c6c21a8ba499f01b067ca74526dc0c8e53c42809b06c60ef12d6d948;2445 FM 2920;Não informado;Não informado;Não informado;10019617;2;Southern;Spring;US;TX;77388
b4725c98ed5b25f932582945b9a12b62154c9ea3a8f513298649021b46db4d11;PO Box 113;Não informado;Não informado;Não informado;10022168;4;Central;Cass City;US;MI;48726
98733b50b12dec292481d40a90288bd481a228f407283820ecc3c9ae6d6e5050;2280 South State Street;Não informado;Não informado;Não informado;10026861;1;Western;Salt Lake City;US;UT;84115
d7b5ebf2c78c0f5b3411007ab926c2629a3a5af28db92928cbf9da6abf507128;EDIF N 4141;Apdo Postal 642 Zona 9-A;Não informado;Não informado;10018363;5;International;Panama Rep De Panama;IR;Não informado;Não informado
eae966c4d90763469d3e6261401dff209829049b8a06fbdb0ba6db22753eb01e;540 South Rock Boulevard;Não informado;Não informado;Não informado;10020663;1;Western;Sparks;US;NV;89431
a8f7704f125bbda18cbf8295de9ad8d254104b63dd9b1120444377ca45900929;DBA Badlands Off Road Park;3968 North Xavier Road;Não informado;Não informado;10009156;4;Central;Attica;US;IN;47918
cf2ef2bab7c6d0a86645e812722670aa5bd7149afb2b3048cc05731323d6fa58;S&PD-Special Accounts Sales;PO Box 537940;Não informado;Não informado;10021986;4;Central;Livonia;US;MI;48153-7940
30504a26474efe2337731a228f2c6543b5df9ee80baa7d5dabc14230abea6eb1;5750 Ringe;Não informado;Não informado;Não informado;10015267;5;International;Sollinge Molle;UK;Não informado;Não informado
b39368c2884ba1de3a933bd46ca6e837033d7e2d0d8f8ab86b2639893b617adc;7700 Counts Massie Road;Não informado;Não informado;Não informado;10023241;2;Southern;North Little Rock;US;AR;72113
2f14bdd4215b620725340f28eebe04d55a48b7c9935130f3c99fe130e5fc63d5;4260 North Nevada Avenue;Não informado;Não informado;Não informado;10025305;1;Western;Colorado Springs;US;CO;80907
b9724f1e6c2b2c163bb1524fc4d6cfe2495290623c6f7701506121a7b244b0fe;New York PDC #20;Attention  Accounts Payable;PO Box 6750;Não informado;10019880;3;Northeast;Somerset;US;NJ;08873-6750
1b82f94385ee11c65c7d8d4e0f421ccb7f5bc7b4e3d2908a0a871fd65fc79185;100 East Inyo;Não informado;Não informado;Não informado;10026843;1;Western;Tulare;US;CA;93274
40594c909e4e365a0c22c4ff160013d1931d984f0b43b8234aa29915cfbd2fd0;PO Box 249;Não informado;Não informado;Não informado;10023793;2;Southern;Holden;US;LA;70744
de411cbeadfd12e7d907b53a080d63d523aaa7ba22d227125cedec53fe3acdbf;317 North Main Street;Não informado;Não informado;Não informado;10010969;4;Central;Elkhart;US;IN;46516
bb11e8d2bfaf7b00cd3f9270144b41b6b88c512f96d864542609f0a64b102fd0;Box 5516;Não informado;Não informado;Não informado;10000481;4;Central;Chicago;US;IL;60680
80191da175ee39aa09c644a2ee4b15b1b5a7d7cdd0c202b75fdb0f3e2c5885cc;PO Box 100603;Não informado;Não informado;Não informado;10025495;2;Southern;Birmingham;US;AL;35210
a2648241a60b5c9d21c9bd930cd5066fa18898a1a5fbd474b1738bba5e2181b1;3056 Eastern Avenue SE;Não informado;Não informado;Não informado;10014803;4;Central;Grand Rapids;US;MI;49508
41f1f95c8704db39055fef2a82c4e44ad860addbefaf6623f0d00fafb3df1fad;Não informado;Não informado;Não informado;Não informado;Não informado;5;International;Não informado;Não informado;Não informado;Não informado
40476e0882f4209baf7140496e82c88c6790a4dde23ca05be9043bb23153991e;Order Processing Group;25140 Lahser Road Suite 282;Não informado;Não informado;10025552;4;Central;Southfield;US;MI;48034
d00771686a35f81b97d8fdf418c063fb4e07a15c6245f0ea9cdcfecdb85f70af;5821 Hampton Avenue;Não informado;Não informado;Não informado;10013765;4;Central;St Louis;US;MO;63109
624a964eae210494abc2869888ebb598995ce8899738185bc563e004eb64bf22;508 South First Street;Não informado;Não informado;Não informado;10008893;1;Western;Yakama;US;WA;98901
89a3ccb66bd508d6ff6d5c19c26aff4715529da56883b88c99965a0a6890a3a3;12805 SW 77th Place;Não informado;Não informado;Não informado;10018628;1;Western;Tigard;US;OR;97223
7acd21dee1e537a70b1ef172825071bc289d05a83cba39a6decdcb74ac4224f8;PO Box 549;Não informado;Não informado;Não informado;10020931;1;Western;Bozeman;US;MT;59715
4f6a8d33ee910b8b050ed26f51b6a02db2ddb4cc4399579342c718eada83026a;7392 Count Circle;Não informado;Não informado;Não informado;10000455;1;Western;Huntington Beach;US;CA;92647
f24a78d71ee5329a8a4b119b5067dbb6babe9ee01b57b60622b2bf83659c65e1;3248 Auburn Boulevard;Não informado;Não informado;Não informado;10023489;1;Western;Sacramento;US;CA;95821
2b1750f8a6e8af576ea9b2bcde0bb08cfaf9cd19c8321e2368f055d635dac52e;1101 N College Avenue;Não informado;Não informado;Não informado;10019388;1;Western;Ft Collins;US;CO;80524
e72ecef68c82c3a12560084a41d2ce0d5ac67072b82d018124082a1ceef8b659;124 Hegenberger Loop;Não informado;Não informado;Não informado;10024262;1;Western;Oakland;US;CA;94621
4af7580b33082789e949186a80cdd64b10d54006bccd25157b98d0d91abb485e;6260 - Place Northcrest Suite 305;Não informado;Não informado;Não informado;10025299;0;Canada;Montreal;CA;QU;H3S 2T4
101791fdc6493deec709e9905a2eaa99b8d5e8129ca68162166cd7926c0acea8;801 West Artesia Boulevard;Não informado;Não informado;Não informado;10025919;1;Western;Compton;US;CA;90220
07adb274e395abd8053469d1ecb26bc3bd3ea9eb316b47ab8c0ff961583c6c8f;2900 Northwest 73rd Street;Não informado;Não informado;Não informado;10023516;2;Southern;Miami;US;FL;33147
5b321af5fac407a22cc2d954b022d26c7173666be84d28da7168bf436e1e9984;PO Box 511;Não informado;Não informado;Não informado;10024524;4;Central;New Hampton;US;IA;50659
162c87c38ddf4901fa1a9bb6bcb51f605901a0881e96f3beda2832485403ec1a;725 North Twin Oaks Valley Road;Não informado;Não informado;Não informado;10025037;1;Western;San Marcos;US;CA;92069
aee58aba32e673a34313fc1f612236f1e84774fac154bb408b10367718f17682;3251 East Imperial Highway;Distributor #1111190;Não informado;Não informado;10021422;1;Western;Brea;US;CA;92621
26c0013e2514259ae310eed19ccb6b36021a5626c4b43fa21fcfff0e524419f8;2 Calle 25-80 Zona - 15 Vista;Hermosa II Local 2;Não informado;Não informado;10026009;5;International;Não informado;AU;Não informado;Não informado
261813d96763a12da3b19e329b7dea52f7d94ec7116c8420c85e62759915984e;PO Box 2143;Não informado;Não informado;Não informado;10009907;2;Southern;Elizabethtown;US;KY;42702-2143
2ec5d24749a5f4cfa4a91b676d724d83749d847283f24281b0fcca0b148fa47d;Kadaka Road 72 a;Não informado;Não informado;Não informado;10002526;5;International;EE 0026 Tallinn;UK;Não informado;Não informado
2ccb61541ea03a6e2ff6f1289821c74a7fa3a798039f66f78f5ce4195ce37760;4455 Dardanelle Drive;Não informado;Não informado;Não informado;10009697;2;Southern;Orlando;US;FL;32808
d70f2ac20345defd3c87a8c10e09306f7f428c954da4dccda26dd0096e748ec5;Unit 403 - 17665 - 66A Avenue;Não informado;Não informado;Não informado;10026268;0;Canada;Surrey;CA;BC;V3S-2A7
082809d5bae55d11ab53496ecee6b4798e9605b1e297ac3b4244478845553406;2600 West Route 120;Não informado;Não informado;Não informado;10020915;4;Central;McHenry;US;IL;60050
0ea0bc49967528993535f7eb6ae5f639f2fe22d8417c1da10423bd12e55ca568;1028 Saunders Lane;Não informado;Não informado;Não informado;10018665;3;Northeast;Wester Chester;US;PA;19380
d6c11f6855abbfcab2c02201e5710b13cff7c2df7fc3ad6caaa574b0ed2e2aae;7779 Dixie Highway;Não informado;Não informado;Não informado;10021936;2;Southern;Louisville;US;KY;40258
a16c4854a5aece829a785cbbeca3472b9f1be072961a6d3d0fd570aee47abefc;Accounting Department Service & Parts;PO Box 537940;Não informado;Não informado;10014469;4;Central;Livonia;US;MI;48153-7940
1c9469251734e4b1c7433032e6ead87098e017f79dfd24e6f1957bb5c339b8ee;910 North East 4th Street;Não informado;Não informado;Não informado;10027356;4;Central;Grand Rapids;US;MN;55744
39a772d6d6f6a85a65cea749e2aa7a4e3d8112ff0a3d96a0361a419fa5f30605;1594 Nicholson Street;Não informado;Não informado;Não informado;10002220;0;Canada;Prince George;CA;BC;V2N 1V6
76a656fba707e44dc8b3a342f2a8f0b779a012ceb3434c47c906bb0eadf49129;13101 SE 84th ave;Suite B;Não informado;Não informado;10021412;1;Western;Clackamas;US;OR;97015-9733
8992eb6dbd9ad189a2891dc429c4ed1c64dae5bd0579eda45ca91c806d6f9712;PO Box 250825;Não informado;Não informado;Não informado;10013232;4;Central;Milwaukie;US;WI;53225
746a586c469ef1d5514f32a15df2d2fb50013b52c59b36bc687e8c0f7f567424;1550 Aereli Avenue;Não informado;Não informado;Não informado;10000601;2;Southern;Creedmoor;US;NC;27522
5bdbd46a0b12cb51fbf83e237d78b69274ddfa5657743e589c607e20423b9a30;Central Accounting Service;PO Box 6005;Não informado;Não informado;10026606;4;Central;Dearborn;US;MI;48121
016b4740053ccaf847ee2f74b325176ebd097af0b17721684fd941a621d7c1cb;515 Oak Point Highway;Não informado;Não informado;Não informado;10025246;0;Canada;Winnepeg;CA;MB;R2R 1V2
0b1733abad26610bc364122c41e24288f25dbed0473829894c00ecab58ce8430;3356 Kermit Highway;Não informado;Não informado;Não informado;10027560;2;Southern;Odessa;US;TX;79764
091167d1a1cfaf435552462393f96955e1f95f9b668d43bb44166a73363d69c3;44 Tunkhannock Avenue;Não informado;Não informado;Não informado;10012715;3;Northeast;Exeter;US;PA;18643
a6777ea698c026435856156e49fbba36313512d04d2cb62c82e392d6fd04fa89;PO Box 2640;Não informado;Não informado;Não informado;10011981;1;Western;Missoula;US;MT;59806
413997fbefa8f78a589686595e291cec4d6fa4c30b0942c065ccb5a870372ed6;915 West 42nd;Não informado;Não informado;Não informado;10023471;2;Southern;Odessa;US;TX;79764
9c977d6e07aa33519e8b0396121617f34182e9606bfa50d36eb60f04882d64ea;PO Box 588;Não informado;Não informado;Não informado;10010897;2;Southern;Whitehouse;US;TN;37188
47960e1d0d386397c0f268f30e288da325176d1c1a3b672108204d7a1dc2c362;Attention  Accounts Payable Department;PO Box 12990;Não informado;Não informado;10023221;4;Central;Overland Park;US;KS;66282-2990
731a1aee1394a3d0e4443097065e0c1704e813ebe5a2185cce7e9f4b7b2ab5d3;1275 North 6 Mile Road;Não informado;Não informado;Não informado;10026355;1;Western;Casper;US;WY;82604
b9704c390ba9d3fbea8c502d306d93f41696a390392794ad1535478836a66711;PO Box 409;Não informado;Não informado;Não informado;10019682;4;Central;Lennox;US;SD;57039
169fb272e5e5b6d9cf0db650df32f4f21c489ecd157ba7cf55c9ebe05602cd11;PO Box 86222;City Deep 2049;Não informado;Não informado;10022755;5;International;Johannesburg;AU;Não informado;Não informado
cfdc8b697472d2624e7809c751696b8f089b559bbc6e1096eb147eb1534c0aca;PO Box 22249;Não informado;Não informado;Não informado;10026581;2;Southern;Savannah;US;GA;31403
0db88e6947031044065fdbcc6b97939690864db234d48f12e91da4d7f24d337e;Rue Champion;Não informado;Não informado;Não informado;10018129;5;International;ZI 1 Ducos;IR;Não informado;Não informado
03bd9343bac4b5537eb67ee73d9ae581f48467e30fdc9f3624e5c84a561d7c06;#9 - 19257 Enterprise Way;Não informado;Não informado;Não informado;10021158;0;Canada;Surrey;CA;BC;V35-6J8
fa30c2c834583187cb09b9c57bf4b8c19b7560b718963c2c37827da8397d305c;2621 State Route 57;Não informado;Não informado;Não informado;10007577;3;Northeast;Stewartsville;US;NJ;8886
6fe31dc0dbcb34ccb4498127b8489197f4a4eb30844148bf9008f659eaa5316e;Rinconada De La Floresta 1137;Rinconada Del Bosque CP;Não informado;Não informado;10014043;5;International;Guadalajara Jal Mexico;IR;Não informado;44530
45a504b5b51596342ca1621f263449aa3706a339b4c7a41e5d6caf5ade429f84;1127 South First Street NE;Não informado;Não informado;Não informado;10021145;2;Southern;Brookhaven;US;MS;39601
58dba97d9383d1112b06118307715bfa92b9cb16767b583295cf4ca384e6f973;2400 Highway 19N;Não informado;Não informado;Não informado;10009679;2;Southern;Meridian;US;MS;39307
716728c98fcedfbe6486dd7bebe8bbb935592c65db661c5e14c515e8d91aca86;RR 2 BOX 9;Não informado;Não informado;Não informado;10024999;4;Central;Andover;US;SD;57422-8811
61e3be64a272f325ebde49b2cd138c1f39a942306d880989cf0af76a1ed169ff;PO Box 065;Não informado;Não informado;Não informado;10009863;5;International;Beijing 100088;UK;Não informado;Não informado
329d6eaac13ff5a695ef2961be577760f76e8286b9deefaa9cb31ed9cfc11b7f;PO Box 80;Não informado;Não informado;Não informado;10020445;4;Central;Rapid City;US;SD;57709
7e0aa3a0b92826480747fa6ef4cc7628fcfd0173946e8f9a2d05f388ee9481d4;Cnr Avalon Drv & Tasman Road;PO Box 20077;Não informado;Não informado;10021911;2;Southern;Te Rapa Hamilton;US;MS;Não informado
a9d9ca8de195a98914d126d5561bb7d324873c452884e77ea83e6eea27175af8;Al Thalia Street;PO Box 11605;Não informado;Não informado;10000471;5;International;Jeddah;AU;Não informado;11443
6d918c35530f29a2142fe70b3252b777540078ddbaf074886b084354e09adac6;7940 New Jersey Avenue;Não informado;Não informado;Não informado;10019665;4;Central;Hammond;US;IN;46323
761901fd6bd822ebadaacb22cb45809945fda67f62de4466b7a4c2ecfc5733f0;PO Box 194255;Não informado;Não informado;Não informado;10007123;2;Southern;Little Rock;US;AR;72219
9b9845b897598ccc72912541cd5f75645797b2f8819e61ebf340afa296681fc3;Attention:  Accounts Payable;686 South Adams;Não informado;Não informado;10015495;4;Central;Kansas City;US;KS;66105
10215466611f064fb088633bf5967fbbf6ac35b41c4a97448cea50026bdd4a86;1301 East 64th Avenue;Não informado;Não informado;Não informado;10025051;1;Western;Anchorage;US;AK;99518
aaf0ea81ff636c5d4bea6a0ed7f2caf3ea4e12d5cad5bdf49fd596618a5a6ba2;395 Smitty Way;Não informado;Não informado;Não informado;10025034;1;Western;Corona;US;CA;91720
22775b4e8b4091f0773d421c2146f30aced30c051fa76731be5ee4039c8e24cc;Central Accounting Service;PO Box 6005;Não informado;Não informado;10026560;4;Central;Dearborn;US;MI;48121
d6652c6d084d7abae1e404863e23ecc4071200441e08852ec14bcbf749695f02;2649 East Mulberry Street;Não informado;Não informado;Não informado;10020393;1;Western;Fort Collins;US;CO;80524
b1e86731221c6d9471250e98b879387f28295325612728733416fbb9c9422688;2400 R E O Drive;Não informado;Não informado;Não informado;10018867;4;Central;Flint;US;MI;48507
140a82f12c03a424bf71fdff4cfa9c3e012f0aedea5fbebf6ac118c7b348fe14;Attention  Accounts Payable Department;PO Box 12990;Não informado;Não informado;10021977;4;Central;Overland Park;US;KS;66282-2990
76e8937f295acc7c0b369992f4ba786b759ea36031f0a0ceb223ef63a8c61842;12000 Balls Ford Road;Não informado;Não informado;Não informado;10002969;3;Northeast;Manassas;US;VA;20109
7e90613e25fbd44b87929fcf98ba0ff345a62e3bcf8c29a82c8fe81ec0e6cb24;850 Commerce Street;Não informado;Não informado;Não informado;10025769;1;Western;Redding;US;CA;96002
1128e997b8a1d0043c2e2e79ed31123b5302f746f2f4a4e8ceb072220eb7a661;Division of Parkhurst;15051 E Admiral Place;Não informado;Não informado;10014739;2;Southern;Tulsa;US;OK;74116
4f4fd4c208e30f6bbb05139fc920350e3aa678e3ceceaa260eb5cc8a4a25089c;Americas Body Company;PO Box 46539;Não informado;Não informado;10024541;4;Central;Bedford;US;OH;44146
315ef1f01d1ad1950e9043e5c61249e21f262af38578efe1ac612adc0bf9e274;201 Old Boiling Springs Road;Não informado;Não informado;Não informado;10022249;2;Southern;Shelby;US;NC;28152
07bde7a8c73748d987a4478e262e4effe939081fb59f4cae51d0e373cca37cd9;DBA Pronto Jobbers Warehouse;PO Box 409;Não informado;Não informado;10007120;1;Western;Rexburg;US;ID;83440
2ea117a201fb1982687c993ffbb7d80c3b38052050e1a12ce0496985ab75fe1e;1942 W 11th Avenue;Não informado;Não informado;Não informado;10011398;1;Western;Eugene;US;OR;97402-3519
15fc0ed33c212d4c818520ec95a18aa4181a446842de2c938aae44a42452a3f4;4103 Holiday Drive;Não informado;Não informado;Não informado;10009643;4;Central;Flint;US;MI;48507
0d45caf45f1e1674b798c85a6ee2c7355bf5f7de33da076202586aae2ed899bf;217 West 3rd Street;Não informado;Não informado;Não informado;10025291;4;Central;Dover;US;OH;44622
a3dbb27a3a3fe06a986ef907f2a12c8fc16aff43bde13f81ef78587d9f3fa470;PO Box 582510;Não informado;Não informado;Não informado;10024009;2;Southern;Tulsa;US;OK;74158-2510
bb7b7f9c0fb68803bcfd6ab1918b3bb3f5c5acf1c9b40a01fb016b008efbc9ef;PO Box 6307;Não informado;Não informado;Não informado;10016549;2;Southern;Jacksonville;US;FL;32236
8901f7b88e418cf20005caa588b908323863f4b97bf7484f1fac1e04c8ee5280;904 Billy Mitchell Boulevard;Não informado;Não informado;Não informado;10009654;2;Southern;Brownsville;US;TX;78521
36c1e583814cad5310d9315cc389d8823daac235478e2fc71d1f1ee2e63e172b;12900 SE Capps Road;Não informado;Não informado;Não informado;10014495;1;Western;Clackamas;US;OR;97015
16f18b8e2f94fbecb380c18d65cbe1912ac2bb278e9190d91f6e7517d219ce34;PO Box 13056;Não informado;Não informado;Não informado;10024260;1;Western;Spokane;US;WA;99213-3056
140ccc33d6d0c25ec170f30d2701fcce2a4d0cd9aa2b638da4c3e7a750a121fa;3248 Auburn Boulevard;Não informado;Não informado;Não informado;10009647;1;Western;Sacramento;US;CA;95821
41cbf099d534fec2675eb5a39f4454515a4c24ed9bc8f429177af4919ea2c60d;1477 E Highway 356;Não informado;Não informado;Não informado;10010970;2;Southern;Irving;US;TX;75060
b746f78ba52258a2112d0e1f519da47011fbe586901124bdd807249480260adb;97 Banawe Street;Não informado;Não informado;Não informado;10026521;5;International;Quezon City;IR;Não informado;1114
bbd7d946381da4d04d912ac8b359078585395705b046c62e8468f0d6b6197ce1;PO Box 99;Não informado;Não informado;Não informado;10008593;4;Central;Highland;US;IL;62249
eebad8097e2ae0bb1899f50eb56103bccc70b0e67059a5719c9271685e529ecb;3248 Auburn Boulevard;Não informado;Não informado;Não informado;10019900;1;Western;Sacramento;US;CA;95821
d3f2c654e7997169bbd99beb9f088f76071472402b5f0ba6de861cf0f2bae06b;Division of Western Truck Sales Inc;3530 East Washington Street;Não informado;Não informado;10014546;1;Western;Phoenix;US;AZ;85034
a41aa3e75b4bf73274bccb8b2eb6addd893f02b9032e8d821fc6a4a1bba4ca2a;PO Box 667;Não informado;Não informado;Não informado;10025791;1;Western;Prineville;US;OR;97754
8fb50f3736d93ca623a6cc46bd66fd263b6a239de4b17a35d112196338b5e188;13208 East 40 Highway;Não informado;Não informado;Não informado;10021668;4;Central;Independence;US;MO;64055
798591362ffd72778d23ad2dd02d6d0a2c6ad436c50fc8072b0a51974fcee62c;PO Box 14311;Não informado;Não informado;Não informado;10015789;5;International;Jeddah;AU;Não informado;21424
7067158118414f383580b935067e3ff15f8cc1f4a7ec67460380c359efc7391b;4200 S Morgan Street;Não informado;Não informado;Não informado;10017072;4;Central;Chicago;US;IL;60609
890dae4ec98771ee86503da85660b6379678c492a7d367ede988d6b790f762b4;Bellsingel 2 1119NV;Não informado;Não informado;Não informado;10023511;5;International;Schiphol-Rijk;IR;Não informado;Não informado
938a25740ea3af60cdfaa1393ecb901e916cdad34a01fa747e6dd294bbea41a0;PO Drawer 40;Não informado;Não informado;Não informado;10009985;1;Western;West Jordan;US;UT;84084
05fa0a6032dcc646725123c3605a9a60f31c6496567052e689e8dd5db81e3e7e;PO BOX 8808;C/O APSS;Dept. 551;Não informado;10019664;4;Central;MOLINE;US;IL;61266-8808
7a97f34fc0cb2256f0b6c2f5ef4325790ef8804d17dcac4db07acb670e318b5e;A Scott Fetzer Company;3201 West Old Lincoln Way;Não informado;Não informado;10025251;4;Central;Wooster;US;OH;44691
2e4ecb397e0c883617e2b0cac65c7ce84ac5c9e795155ae261eb4929a834d76a;Sacramento PDC #13;Attention  Accounts Payable;PO Box 15279 C;Não informado;10019109;1;Western;Sacramento;US;CA;95851-1297
342e25e1fd3bbf28090ddee6cec2564f4eb7f9b277303c40a97c8e2dfab58249;1801 NW 82nd Ave;Não informado;Não informado;Não informado;10006805;2;Southern;Miami;US;FL;33126
75bfa6e4fbf3dc4b55145b993011683c6081e66264cb6023c1f504c27cba927e;3355 American Drive;Não informado;Não informado;Não informado;10009653;0;Canada;Mississauga;CA;ON;L4V 1B3
5f77554e59aaee61310b54ec24050bfa6e38c0327ff440c4f12dbe38c9f192b7;7600 South Santa Fe;Não informado;Não informado;Não informado;10023235;2;Southern;Houston;US;TX;77061
3528b1fa49b589420635ed90370f14236144750cc9712cfe7994f9f293cc95f0;480 Gordon Baker Road;Não informado;Não informado;Não informado;10021204;0;Canada;Toronto;CA;ON;M2H 3B4
5ea9fa06ae5163d7c83205ec74499a6eb8a1024ac281c5d2a4f66679fa5864fd;9440 North Whitaker Road;Não informado;Não informado;Não informado;10024248;1;Western;Portland;US;OR;97217
e89c16d481e67b501d8574248f99a09888ad7b4e3c52eb096804f0b7d4f287eb;2177 Dale Avenue SE;Não informado;Não informado;Não informado;10011997;3;Northeast;Roanoke;US;VA;24013
44a4421561bdfb615b513f22bb4d199a897540ba7b3df4c6e348defd50a9c787;Solec 44;Não informado;Não informado;Não informado;10018371;5;International;00-394 Warsaw;UK;Não informado;Não informado
1e2f11f66502f1227c99886b8ac2ec2e964f0c81bc36bb49810eadf7c541bd37;One Cabela Drive;Attention: Accounts Payable;Não informado;Não informado;10020927;4;Central;Sidney;US;NE;69160
c28071aaacef54c19e5d764e25b16fa77b102c8350435b5c63a428e41eff1f6d;RR1 Box 9;Não informado;Não informado;Não informado;10012425;4;Central;Oslo;US;MN;56744
0ec9fdfddd753975114e788d37992c5bff9b8176697a1aecc243ae0110011d37;1723 Webb Drive;Não informado;Não informado;Não informado;10022725;2;Southern;Norcross;US;GA;30093
89c74b35477ac8fe5832b88831d525431a7ecef62633e8bfaa4df04614973e91;1101A Potomac Avenue;Não informado;Não informado;Não informado;10006848;3;Northeast;Fredericksburg;US;VA;22405
d0d95f2796d70d128535f22b545544b579fe7f6a375c06c094c8076672250f6a;PO Box 36409;Não informado;Não informado;Não informado;10013188;2;Southern;Charlotte;US;NC;28236
4863a86649c2ba3cf54b027bdbb5834605510a69499ce0883931f7ac106119aa;6311 North Lindbergh Boulevard;Não informado;Não informado;Não informado;10000462;4;Central;Hazelwood;US;MO;63042
0ee711c8dfda809cfdd022c903dd4a6dde9d3771bfcf06f95ec3a316f9dc2ee3;PO Box 2338;Não informado;Não informado;Não informado;10016564;4;Central;Traverse City;US;MI;49685
22f42b4b3f6bc36e242b8eea9e19847202963949ce61a02fba04b7703022cbb1;1151 W Main;Não informado;Não informado;Não informado;10025021;4;Central;Depere;US;WI;54115
6408114eb9ad7e838f5818fd3f28365ac471cb80187bc06ba0735a6667e40f80;8F No.19 Chang Chun Road;Não informado;Não informado;Não informado;10007117;5;International;Taipei;AU;Não informado;104
bda268e481044138c279bf3c224e9f3a9d66d7124e64145428aafc989c4446e2;815 Circle Drive East;Não informado;Não informado;Não informado;10025023;0;Canada;Saskatoon;CA;SK;S7K 3S4
4a3a3da918e63026eda44867064a1d24bc3a2b26d12880bb3f844572efb3fb9e;522 Montana Avenue;Não informado;Não informado;Não informado;10010886;1;Western;Libby;US;MT;59923
ff98d461d8d9cf42ab8615695d76aa7bb60cb93f06f37a8fc58d36e4e64ec605;8300 Lane Drive;Não informado;Não informado;Não informado;10022750;4;Central;Watervliet;US;MI;49098
d70def1658db83a579ef995f0e1d4bc04475c65f4cdf1e4b241b7cd79b39ee4e;Global Motorsport Parts Inc;PO Box 1179;Não informado;Não informado;10009356;4;Central;Cape Girardeau;US;MO;63702
cc6709f3bcc41c36bdcb7148bc9f933999b17654a1fb6a4c348284a3a98ea970;PO Box 7005;Não informado;Não informado;Não informado;10015824;4;Central;South Bend;US;IN;46634-7005
0de8744f3c8a105e91a6e96e68fdece281fb1166054b1403d7431916a60db4fe;PO Box 578;Não informado;Não informado;Não informado;10008596;2;Southern;Springhill;US;LA;71075
ebbf8407c127c8ac68885c269a726f43092c83cb675c7149f26ab5d6f8493d45;63 Bridge Street;Não informado;Não informado;Não informado;10027340;3;Northeast;Salem;US;MA;1970
ea3e99ce4e5ba06906956c380d7032bf946c47486f010c1f72f8bde273877c5c;3545 South Richey Boulevard;Não informado;Não informado;Não informado;10025264;1;Western;Tuscon;US;AZ;85713
7e069ac12325c8984f7073f5df3cdb54b26d86317822a9d1ac0d876707c531f1;Não informado;Não informado;Não informado;Não informado;10002501;5;International;Não informado;UK;Não informado;Não informado
dc8c0a23d2aa1c611a80549620f9d4fddc90c473fbb993164a441de8d382fcf8;Av Eusebio Ayala 3321;Não informado;Não informado;Não informado;10023780;5;International;Asuncion;UK;Não informado;33126-1214
527992fb151d2b9d37031bbb93afbde2a57a48ad07209d4761c8bdbf5bad5803;21533 Mound Road;Não informado;Não informado;Não informado;10022730;4;Central;Warren;US;MI;48091-2991
e20a147f5b7bd009fb7096dcaf4ce555fa4bffaca66232bc2cf41c3603e51416;3F Shinwoo Building;195-12 Poi-Dong Kangnam-KU;Não informado;Não informado;10004255;5;International;Seoul;AU;Não informado;135-260
64b540ff5e1f40635040bcb7cb159e0511cd818515a69b4b51c36a7a3214f982;1920 East Front Street;Não informado;Não informado;Não informado;10025036;4;Central;Kansas City;US;MO;64139-1538
0c4001cc9bc473c662040b5f3cc5e734d29f580c5468fff72e52cca45f76b649;PO Box 899;Não informado;Não informado;Não informado;10023244;2;Southern;Cleveland;US;MS;38732-0899
0104770a824ec9152769b8d4c23d01c0092c82ffb3fa97d33ef6167d6b6c6ebf;4532 Enterprise Drive;Não informado;Não informado;Não informado;10025758;2;Southern;Oklahoma City;US;OK;73128
610bfe7a6e8426cb30d3dad4a9c02f225007672ed82ac5ea71fad9077717c03b;Não informado;Não informado;Não informado;Não informado;10009669;5;International;Não informado;UK;Não informado;Não informado
1138c5078835d2496be1846853c8fbc8a09d49bf91eb7da3138e6af6b18fddde;208 W Main;Não informado;Não informado;Não informado;10010717;4;Central;Waterville;US;KS;66548
9562b5d72721d276e0492ab908cc9c56698931c18c55638d3c0c1daaf754017b;PO Box 99;Não informado;Não informado;Não informado;10002709;1;Western;Albany;US;OR;97321
005dcd0629588a88dba85748b271128308281b12c6964d28b7d1d374b827adb5;PO Box 26;Não informado;Não informado;Não informado;10026336;2;Southern;Columbia;US;SC;29202
be7a29ed3da802447904a160204dd30aab01ac97e0b087dd00226d38fe439dce;PO Box 4658;Não informado;Não informado;Não informado;10012234;1;Western;Hayward;US;CA;94540
06f9f8f9a6b90f7ea68b420a9238e80ee49a46bdc50a17a518a1670eaf671bcb;877 1st Avenue NW;Não informado;Não informado;Não informado;10010935;4;Central;Sioux Center;US;IA;51250
c864d1cacbda24c9a3e6f912a6ec63eddef789ceabdda86459a8b2e262b2eb10;334 North Hall Street;Não informado;Não informado;Não informado;10026299;2;Southern;Dallas;US;TX;75226
e53a8d8d53bad43a2fb95f35945678e8e38d28fe98434332b6a7299d19b41a5c;1477 Davril Circle;Não informado;Não informado;Não informado;10009631;1;Western;Corona;US;CA;92880
754d1e6827e1041fbc84145dab0b1ea31696ca4b6079f65aefabc6e5f9182ced;9111 41 Avenue;Não informado;Não informado;Não informado;10027082;0;Canada;Edmonton;CA;AB;T6E 5V2
69f00ac8e124ce82ebef32b8d5b06d025e00733e5ac93d9d0b0684e57ffb7ba4;1880 N Westwood;Não informado;Não informado;Não informado;10026291;4;Central;Poplar Bluff;US;MO;63901
6c51c04e25dc455460e69c5f1fb3c5460802274c30ef795260a3b524ab9700c1;6590 SW Fallbrook Place;(Commercial Industrial);Não informado;Não informado;10016858;1;Western;Beaverton;US;OR;97008
6afd0a976e75b735360bd2d3893920da88c818467c286475bbea8bf13341b5b3;Worldwide Purchasing;1996 Technology Drive;Mail Code 483-619-114;Não informado;10012226;4;Central;Troy;US;MI;48083
5bb25289ebcdad54bd80d938b1bd623fe3167b9a1a546c152d26dbf860396fa8;1510 Merced Street;Não informado;Não informado;Não informado;10014047;1;Western;Fresno;US;CA;93706
40ed0d49f0d37b758f57b7d9e33e5ca4e97cb4f0beb2264b4710af70634e32b1;2649 R W Johnson Boulevard;Não informado;Não informado;Não informado;10027381;1;Western;Tumwater;US;WA;98512
4aef205a11a46178923f51b9322eec40ae21fb73cc40c24a5f2b079438747cdf;580 Yankee Doodle Rd Ste 1200;Não informado;Não informado;Não informado;10017036;4;Central;Eagan;US;MN;55121
ec08795c51022ea75e85e0c86498197a31fad91cf4d85628c846cdd6abc82680;Attention  Accounts Payable Department;PO Box 12990;Não informado;Não informado;10016807;4;Central;Overland Park;US;KS;66282-2990
cf31c81c253177b8ac3349496030c202e1e75d6ddb4955ce9696eaa58898dd48;8 N Industrial Park Road;Não informado;Não informado;Não informado;10021996;3;Northeast;Milton;US;PA;17847
463553ae9a6ac803c762f2fca770a4c86af25212fb830305ab66d3fa4e97bd55;Não informado;Não informado;Não informado;Não informado;10022978;5;International;Não informado;UK;Não informado;Não informado
25e37db0f49cf8d4105c37669943e717198094c9aeb385ab76e8af07a46a7c22;6501 Adamo Drive;Não informado;Não informado;Não informado;10027348;2;Southern;Tampa;US;FL;33619
57abc0820498effb9bff499599cd966b36a24a297730a8c053e456833d8e4b42;50 Mystic Avenue;Não informado;Não informado;Não informado;10002240;3;Northeast;Medford;US;MA;2155
c7e1c809feae6256ef66cb53484b998ec6b6e5cd1fa615025926e939e73ff0cf;1143 W 2nd Street;Não informado;Não informado;Não informado;10025778;1;Western;Pomona;US;CA;91766
4dcac2dccce1f83c1a9a1354cea52024921334f65f3bb36943d884bec4734fba;Attention: Paul Grady;105 Montauk Highway;Não informado;Não informado;10025300;3;Northeast;West Sayville;US;NY;11796
b4cf13a33bc16f9e2e943e87f9ccc8fa186fcd671e710c315f95d7fde7647216;226 North 13th;Não informado;Não informado;Não informado;10025033;1;Western;Billings;US;MT;59101
9d2044a2f8fe5cdc0855ec41fbca7cf0513c408e24a4b2a5b63ad83dde0fa53f;5711 West 36th Street;Não informado;Não informado;Não informado;10007121;4;Central;St Louis Park;US;MN;55416
592058b4bd4d608892a899f41c7681c3464915bc522aeaef0141147c4dba45b0;PO Box 2017;Não informado;Não informado;Não informado;10024550;4;Central;Appleton;US;WI;54913
547874d3f3e62b42c000485cd6df616b54c7a4ae3bfa9a0e9e354960f8e291a2;Industriestrasse 17;8910 Affoltern AA;Não informado;Não informado;10009639;5;International;Industriestrasse 17;UK;Não informado;Não informado
f5e60b5b05f8865ed2a3e2ed96d436b16729497efbe0c19fed496764619e8510;Southern Maryland 4 X 4 Inc;2588 Old Washington Road;Não informado;Não informado;10025771;3;Northeast;Waldorf;US;MD;20601
2cfcc3470a24a59be4bfdf777950f7b7d0320e7250180f090f54eebb8be57617;PO Box 849;Não informado;Não informado;Não informado;10010912;2;Southern;Fort Smith;US;AR;72902-0849
eb833cfc6030d608cb6c6f3bb5f1df44c7cd51f0d913cb43c1604c4f621c4fb8;PO Box 4405;Não informado;Não informado;Não informado;10025252;4;Central;Elkhart;US;IN;46514
7b4697a8ddbcb55f976aec108a4146031c8e9283a0f0a198b1dd11ef3e31383b;4353 W 1900 N-48;Não informado;Não informado;Não informado;10026522;4;Central;Fairmount;US;IN;46928
94d82da786475988b3145bfe8ab6de2d5e34602772151db8531742d9eefba5c2;106 B David Green Road;Não informado;Não informado;Não informado;10023759;2;Southern;Birmingham;US;AL;35244
c4d0aceb803ea44762195f0242a7eb8d3c38802c16c4ebdddd274144354ab76a;5415 Lamco Drive;Não informado;Não informado;Não informado;10020684;2;Southern;Montgomery;US;AL;36117
8d650031ff286a62c167d4ea9f48664455f6ae6e6599faaa5e5862da7082e18f;3343 Shelby Street;Não informado;Não informado;Não informado;10013472;4;Central;Indianapolis;US;IN;46227
2cd61c5cf10dbf8fb7d15bcaaab73d88f2a4724ee46269744ec3d3ef4773daed;8120 E Doyle Springs Road;Não informado;Não informado;Não informado;10000478;2;Southern;Little Rock;US;AR;72209
93153c19fa0fc0fd72253abe684723e62b2ca18b2ddfa462909c1e199a5cbb24;PO Box 447;Não informado;Não informado;Não informado;10020413;2;Southern;Okarche;US;OK;73762
a4fcbffaee702e47530f4c582f63ab764ca415d391c33c51ec05d8b340022d46;PO Box 19858 Station N;Não informado;Não informado;Não informado;10011734;2;Southern;Atlanta;US;GA;30325-0858
bf72934ea1e7aefc06d353484ab763990d07674da1020647542ded338533df9a;PO Box 30659;Não informado;Não informado;Não informado;10023275;1;Western;Portland;US;OR;97294
46d71d23f9d2f02d96f9dbaf5d991a0607845ca75e6beaeba82c702208d031cf;Attention  Accounts Payable Department;PO Box 12990;Não informado;Não informado;10022490;4;Central;Overland Park;US;KS;66282-2990
cf5ee9de0787742e665bfecf9e7cbb9b56f955e8d0dfee7293058c844ce7bd56;1-16-33 Kotsubo Zushi;Não informado;Não informado;Não informado;10024016;5;International;Kanagawa;AU;Não informado;249-0008
1769174db3deff45630683a3151aac592407caaa8cf8f0639918b942bc4fd130;Hiekkakiventie 7;Não informado;Não informado;Não informado;10007591;5;International;FIN 00710;UK;Não informado;710
b1e2eacac22df66f4d78b21d6b91946e540456d14d20024ca44c26b14627ec33;308 53 Avenue SE;Não informado;Não informado;Não informado;10026006;0;Canada;Calgary;CA;AB;T2H 0N3
44095b8685fc2e2b46419a630a3abb03e3567d2269c7d1723cdd15797c63de2c;Attention: Rodrigo Yrarrazaval;Jose M Infante 2320 Nunoa;Não informado;Não informado;10020449;5;International;Santiago;UK;Não informado;Não informado
8da3e7beb1b0ece163857374f6de2eb81942d367005703061b63ea87c0d9d00a;PO Box 3265;Não informado;Não informado;Não informado;10000474;4;Central;Des Moines;US;IA;50316
dbb7866bac25150c8df48cdc980eec3074baf05701e843b002101449ff468a37;12 Lexington Street;Não informado;Não informado;Não informado;10009657;3;Northeast;Lewiston;US;ME;4240
92cc04ca613cfba1a17bf2d64aad491e06c295a6eafddaf0d9e5e3fdae6a6ca4;PO Box 220;Não informado;Não informado;Não informado;10026348;2;Southern;Mebane;US;NC;27302
e1305f2504a0c7866a4b7a3fcdc0e40cbf13a1d701396c83e5eff306b32c293c;Não informado;Não informado;Não informado;Não informado;10000453;5;International;Não informado;UK;Não informado;Não informado
c698a86b6a4591aa818a7d3cb2446369464c8bf8d2163edcd63ba8a0041b7366;4760 NW 165th Street;Não informado;Não informado;Não informado;10002765;2;Southern;Hialeah;US;FL;33014
10cd1906e2a6a5ee3964ea43335c8649548568b24fc3f2cda3e325df069dabad;11811 West Silver Spring Drive;Não informado;Não informado;Não informado;10017585;4;Central;Milwaukie;US;WI;53225
ed013416b8d8582c7af72096d151c0e097ebf2b87849e183195335ac13342732;500 Highway 18 West;Não informado;Não informado;Não informado;10026532;4;Central;Garner;US;IA;50438
f9254427607f53de6a568b94f0685e50ba4ad607b2c34c9d5d0cb611659067b3;13296 County Highway 00;Não informado;Não informado;Não informado;10010974;4;Central;Chippewa Falls;US;WI;54729
2622a28e19366be43c52f554b975e851d39614ab32df9da52bafbd8972f952a1;550 Du Parc Boulevard;Não informado;Não informado;Não informado;10009652;0;Canada;Valcourt;CA;QU;J0E 2L0
e6094f81ac5bfc2df48ec451566fc9c8bb30f780002539c6b8f37cba75a32d18;4410 Highway 80 East;Não informado;Não informado;Não informado;10006862;2;Southern;Pearl;US;MS;39209
2a62af733d3ff7154fe02912872eaab039d08aa2e3818bf2017a5a0c1415225c;7640 North Telegraph;Não informado;Não informado;Não informado;10017054;4;Central;Newport;US;MI;O
7cb6c34d4836b17fa8552f0e0d6c02d7467b0eda3ea72f0ce7e4ba066ca9767f;Defense Const. Supply Center;PO Box 16791;Não informado;Não informado;10023785;4;Central;Columbus;US;OH;43216
51f471bdb74bb01a562eaf5f1eb22d0e8bf28ac7f0fddcc3de52ebee0b72cd33;Não informado;Não informado;Não informado;Não informado;10027119;5;International;Não informado;UK;Não informado;Não informado
3bed15f798034b74e0c03cdce78b695ce3544a5cf01d21b3b0cf52b76ebf048c;3601 Amarillo Boulevard East;Não informado;Não informado;Não informado;10007355;2;Southern;Amarillo;US;TX;79107
f429439a614080c784a848e0e45c0e6e687d84ed95f348d404aacf9be30847f9;7221 Highway 64;Não informado;Não informado;Não informado;10025249;2;Southern;Memphis;US;TN;38133
707a724a0c70cfe165e37f6f11604f005fcda31b82699cf6dee8fc416345cd87;10901 Macleod Trail South;Não informado;Não informado;Não informado;10019913;0;Canada;Calgary;CA;AB;T2J 4L3
8bc6dc615de70df21956a64e85e434ca828bb62e1152a17ed21b23d2f10f201f;1051 West 7th Street;Building # 2;Não informado;Não informado;10016045;4;Central;Monroe;US;WI;53566
358681c368677ec4d98ca6d7dab77d2674afdcc8c0915d3881e93dcc78699cb0;Parts Division;140-2 Kye-Dong;Chongro-Ku;Não informado;10025242;5;International;Seoul;AU;Não informado;110-793
420be02ec4bbfff6a4d04bb939282ccadac69cb52192e70171e941bbec5de4dd;167 East Kalamazoo Avenue;Não informado;Não informado;Não informado;10009676;4;Central;Kalamazoo;US;MI;49007
e018ed028a4d84a0850ff8e337bb4899f103acc791210c034c3f039dc03f9e87;Attention  Accounts Payable Department;PO Box 12990;Não informado;Não informado;10022450;4;Central;Overland Park;US;KS;66282-2990
f62f2fb43a0ecfa0ebb0e6a79ced2d07f84ebed07fdb2040e0fad57349a1baf7;5300 Glenmont Drive;Não informado;Não informado;Não informado;10025814;2;Southern;Houston;US;TX;77081
939db72b5e97d3fc7fc5aa442e23dccc6bb286a6e3127b4d8c82348de5802328;2210 Bowen Road;Não informado;Não informado;Não informado;10027572;3;Northeast;Elma;US;NY;14059
2cd1e8b98f4e9daafdc0acff6244d52bd6949d9b468fd01ea917a1648704ac28;PO Box 871 Safat;Não informado;Não informado;Não informado;10018868;5;International;Não informado;AU;Não informado;Não informado
911f5c56ceebba3d8d5c6dc16f91b7174a7b3047a3f4bf1c5cad8882e2107fca;PO Box 7100;Não informado;Não informado;Não informado;10009885;0;Canada;Winnipeg;CA;MB;R3C 3B3
7cbd6ce6ffbb77612dc490619eb192bb8463c7a8f48bcbd757bd9ab4bbc59e52;PO Box 266;Não informado;Não informado;Não informado;10002489;2;Southern;Villa Rica;US;GA;30180-0266
1bc0d034e1405b8b4dfbd7b67a942d8605660b728f4c5f4c3dfa642f3c2c34c3;2301 Central Parkway;Não informado;Não informado;Não informado;10026062;2;Southern;Houston;US;TX;77092
107421722d7359e1f2898a082eafa7da5ee55d05e9074efc9d04dca84fa2d533;Rua Eng Ferreira Dia 241-243;Não informado;Não informado;Não informado;10011979;5;International;4100 Porto;UK;Não informado;Não informado
070e682b631a8046da165be58e4171ad16bbb461da237026fa6da9a70ba77493;Dallas PDC #15;Attention  Accounts Payable;PO Box 167728;Não informado;10013252;2;Southern;Irving;US;TX;75016-7728
7fc3f62d06be3c202edfa9f884ac7a94deebc6ae8eb0e008f08e3a07a3d17487;5100 Highway 93 South;Não informado;Não informado;Não informado;10026055;4;Central;Eau Claire;US;WI;54701
7c7638e7eebb53cbc53cb01e43b6b9a3f3dd7289e183db674c22e57e63b55979;Corporation USA;Nissan Drive;Não informado;Não informado;10020184;2;Southern;Smyrna;US;TN;37167
bd9273679d91fb2e1afd0ff8de20fc8ef1137ab3b66fc2be4bfcef250be4af0d;1809 Main Street;Não informado;Não informado;Não informado;10025508;0;Canada;Moncton;CA;NB;E1E 1H5
7575519a0f8a30194a14fa8ec19e042c4f6cb04cb8344b4500025274064c57ab;8000 Haskell Avenue;Não informado;Não informado;Não informado;10000472;1;Western;Van Nuys;US;CA;91406
b7ce9b29aaab488732b85d20b263215480a01c6b653e727fa9cbd95b52e3cfa7;c/o Tom's Bronco Parts;2294 Sage Road;Não informado;Não informado;10023212;1;Western;Medford;US;OR;97501
85c539a2e6743033360858b9534c27293ab22e3afdec24b159c7a9b58c1b8e8d;Não informado;Não informado;Não informado;Não informado;10011732;5;International;Não informado;UK;Não informado;Não informado
4306b8ddbbf90d752772fcaabb49aed69082c88b43604b58e18bbda755cc9308;3631 South Bagley Avenue;Não informado;Não informado;Não informado;10025289;1;Western;Fresno;US;CA;93725
fdb915781cec205dbf8aa58072c3f782d3335918410287ab909201d6d80e1f68;General Pardinas 112 Bis;Não informado;Não informado;Não informado;10027370;5;International;Madrid;UK;Não informado;28006
abee8b135b4a5a0af96c9ba00c5b6df80538e6ada533d03083fa2dbe02542388;1287 US Highway 59 North;Não informado;Não informado;Não informado;10007564;2;Southern;Cleveland;US;TX;77327
57ec025bb5f0604438455126a511fba3c792a8e964673a4228a2abded8713241;PO Box 547;Não informado;Não informado;Não informado;10020914;2;Southern;Calhoun;US;LA;71225-0547
0da4abcdb5ef282e102bb1b50f646eabf3e89e7d7f0db8ae30f06def99218164;10400 Plano Road;Não informado;Não informado;Não informado;10027575;2;Southern;Dallas;US;TX;75238
9b2555d034ac3c9186837ca60bbcb5e6046f935f5264dcd0fa687d9d7aae6b61;Attention:  Accounts Payable;1624 North 71st East Avenue;Não informado;Não informado;10023447;2;Southern;Tulsa;US;OK;74115
c5c2adede325097b269e4f62dec39f8d0c9418ef12ad9ab6c68d237fbaa54845;Kirchstrasse 39;FL 9490 Vaduz;Não informado;Não informado;10025288;5;International;Furstentum;AU;Não informado;Não informado
8a399ff393ad454f4a65357af4658aeb3e2da8cb021e4770437783d9b0368b76;PO Box 2484;Não informado;Não informado;Não informado;10003795;2;Southern;Baton Rouge;US;LA;70815
2fedcd55fb6644ea1f08b3800563bf877bf20a57992cb60c6d1a62bdcd2b56a8;4567 Federal Boulevard;Não informado;Não informado;Não informado;10025238;1;Western;San Diego;US;CA;92102
b0783b0fa0afb1fabb94798afb0f26556ba22f3891b5e1ab6682b2a2c43753ee;18412 96 Avenue;Não informado;Não informado;Não informado;10023022;0;Canada;Surrey;CA;BC;V4N 3P8
2355bb7694fa1756c5309386719a5a10c486f44a05c920827c482afefc137081;730 North Central;Não informado;Não informado;Não informado;10025248;1;Western;Kent;US;WA;98032
d3d34c0f05a82f8314dcb6b6ccebcd874b4a609f8f7a53e8bd1c9e1a771ce316;PO Box 958;Não informado;Não informado;Não informado;10022434;1;Western;Placentia;US;CA;92670
db117a4a5d3bc6b7652c4d0593beebf04a8d2124f0fdb89ee5bd710be634bfa9;Advance Auto Parts;Attn  Merchandise Accts. Payable;P.O. Box 2710;Não informado;10017638;3;Northeast;Roanoke;US;VA;24001
9fb2151089efef861e1ff2e1ec2855e6cd9a760047737ab330e0f93d21d72ee6;8151 Wagner Road;Não informado;Não informado;Não informado;10000456;0;Canada;Edmonton;CA;AB;T6E 4N6
89d068890c3e415c1ef2e03f779c0b92a95ebd0803ec715d45c06086872b47d6;Attention: Ann Borden;PO Box 31435;Não informado;Não informado;10014804;2;Southern;Shreveport;US;LA;71130
ca0e9e91263b9ae17719377f01eb0fe2f15363cdef56077a913b288cf5c26307;PO Box 57;Não informado;Não informado;Não informado;10024006;4;Central;Columbiana;US;OH;44408
5cf6f211b7836d5ae013a4dcb7e4cfba7a26300c9aceaa42f84de568e2530640;PO Box 660;Não informado;Não informado;Não informado;10017553;4;Central;Ottawa;US;KS;66067-3805
5817db4300ba01e81c64eddaee6efb7ccf2297b45b9dc14f144ee2e6a412ab9a;PO Box 80509;Não informado;Não informado;Não informado;10025061;4;Central;Canton;US;OH;44708
66b906ed41dc86c9a1c1f2b4e036ad1529c32525e485825e6639f869b8f92912;Attention: Accounts Payable Department;PO Box 8844;Não informado;Não informado;10020909;4;Central;Canton;US;OH;44711-8844
f626f99dcbfebb305320e19aff0ec076994f004899aecf1bbdc52b54713fa15d;Customer Address 1;Customer Address 2;Customer Address 3;Customer Address 4;Address Number;Region Code;Region Name;City;Country;State;Zip Code
b4cc9cf233e05e88c16581d1be2698135980937b1548dee30054da160db11b00;3650 Bay Street;Não informado;Não informado;Não informado;10025515;2;Southern;Jackson;US;MS;39213
e430a1a4e35ac92e6908c5e18e87b2d1114992c5a546149755bace5d409e13e5;861 West US Highway 30;Não informado;Não informado;Não informado;10019400;4;Central;Valparaiso;US;IN;46385
c6e788695d6737a1a218d39085817e6d7e7db0895c345324cd1843b44cd97b88;Attention: Accounts Payable Department;PO Box 8844;Não informado;Não informado;10014810;4;Central;Canton;US;OH;44711-8844
74a40c126147008bea3c5fab91377f3acb3c91d0a992218d6c819241fcad4cdf;600 South Brooks Avenue;Não informado;Não informado;Não informado;10023023;4;Central;Thief River Falls;US;MN;56701
38f690d5bc300caea911c685ba406ecc65b6e95e29f7614ab26b111990309d94;2125 Whitney Avenue;Não informado;Não informado;Não informado;10009623;2;Southern;Gretna;US;LA;70056
bd4df5f41aedfb941456300b8dc3dddfac106465d0c1884066b196a0baa10f67;3564 Buford Highway;Não informado;Não informado;Não informado;10019879;2;Southern;Duluth;US;GA;30096
ab76488d832c93b2dd04d3ebdf3e7bb8cd56436d7f433f89945904cb9f9122e3;3290 Monier Circle #100;Não informado;Não informado;Não informado;10000473;1;Western;Rancho Cordova;US;CA;95742
ede18880f4b020d2b30f64bcd452c76fdc82f0ca5c1c03ddd4812b68e62e2eb8;c/o Rampar International Trade Corp.;6260 Place Northcrest Suite 305;Não informado;Não informado;10025032;0;Canada;Montreal;CA;QU;H3S 2T4
47452a721655d59da59fca445219631719b1171ee1d14bfaa744c4e00f5737c1;PO Box 129;Não informado;Não informado;Não informado;10016784;4;Central;Pocahontas;US;IA;50574
3ea184b2f699d233e6bfafa45ee8b267ada01a711f30cd73613e719498b677b8;6104 Young Road;Não informado;Não informado;Não informado;10025558;2;Southern;Little Rock;US;AR;72209
a1da0fd0ac8e276c21c9b38020a99373c298187a1d4e917fac8b4bc978562ddf;PO Box 510;Não informado;Não informado;Não informado;10012422;2;Southern;Saginaw;US;AL;35137
ef89727883ee7a7ab97a900862a417e1d1e6075d81641b44d52b885d3f90ec98;Aut Reg Del Centro Valencia;A Pto Cabello Dist Naguanagua;Centro Comercial;IL Portico;10026868;5;International;Valencia;UK;Não informado;Não informado
655ffa11347fcba641d540415e41b26afe9d109e21cb43e3a7c41541a0179c9e;13907 S Kostner Avenue;Não informado;Não informado;Não informado;10022252;4;Central;Crestwood;US;IL;60445-2205
d326fbde59c459e9ff20f14a903a90f7bbb364f9344905ba6d09cbcbc27cf460;10023 128th St. E #7;Não informado;Não informado;Não informado;10008381;1;Western;Puyallup;US;WA;98373
668556a2a502137e2605b38aca9516237b24b08e7af7cac4ce8020632f81cffd;601 East Gowen Road;Não informado;Não informado;Não informado;10005006;1;Western;Boise;US;ID;83716
7ac357bc0514a78ce9d5f2c22a49c97d0a569c0d10d5280ffa3af2a412bd2b4f;815 Hellam Street;Não informado;Não informado;Não informado;10021470;3;Northeast;Wrightsville;US;PA;17368
d747bc967c11380ecf210f2dfbfcf4d28d3b712aaa1cf79a06aeecc5e2853180;PO Box 460;Não informado;Não informado;Não informado;10021231;4;Central;Middlebury;US;IN;46540
f17c359a76e6f07470adbec58b3aa52a8fc5aa20188af782560ef4fc4d051da1;Não informado;Não informado;Não informado;Não informado;10020907;5;International;Não informado;UK;Não informado;Não informado
409878648ce704157e6a145995fdf8ae6719ff01d6f3dbd4c613e1070cf42dc4;Michigan Truck Plant;38303 Michigan Avenue;Não informado;Não informado;10021223;4;Central;Wayne;US;MI;48184
d400d1c270e3e9b9437ac177950dc7284e76d67950892604e87ece88431d9c4a;PO Box 640;Não informado;Não informado;Não informado;10025575;0;Canada;Beamsville;CA;ON;L0R 1B0
5e9caf2cd150ac5855489673a996dfdd9386acaf81540470979e8a20341c3d52;Limited Reg Number 28388;40 Devil's Tower Road;PO Box 176;Não informado;10007309;5;International;Não informado;UK;Não informado;Não informado
7d895f1f638ddb59c3273d8bfa4d0c5777aba5bde9eb044c624064158c2d4bc4;PO Box 3382;Attention  Accounts Payable;Não informado;Não informado;10021139;4;Central;Livonia;US;MI;48151
6fd402ac6186af2b475b03ccf90a34d74119185c4e153fc77bb8f9df3ed09a56;580 Waterman Avenue;Não informado;Não informado;Não informado;10024246;3;Northeast;East Providence;US;RI;2914
68b1a9464c1292a2974b420d34026cf89838689e65b6e9ffee251207b4b2e02b;6127 San Pedro Avenue;Não informado;Não informado;Não informado;10025040;2;Southern;San Antonio;US;TX;78216
41427fa19646674a36b2888ecba4082721e4d7e2056fcd79623dedda00834356;8503 Hilltop Drive;Não informado;Não informado;Não informado;10025250;2;Southern;Ooltewah;US;TN;37363
9ae34f73344ae1935d042262cd7c93392fb947711136dc644e86f2d7a179ce66;Spicer Clark - Hurth Off Highway Div;1293 Glenway Drive;Não informado;Não informado;10002244;2;Southern;Statesville;US;NC;28625
b09fb01df744fd9216a52e15320a8a9e2e958af067bfc42d7401fe4c4735e6c4;Dagher Plast Building 17;Baizoob Area;Não informado;Não informado;10018877;5;International;Beirut;AU;Não informado;Não informado
1d2e242cc62d3d358cc12822c20ebfc511d3f47cfc7576321d3c043256e6bf98;PO Box 5222;Não informado;Não informado;Não informado;10013238;4;Central;Janesville;US;WI;53547-5222
18ada2fe09b1a1ca9fefadf456c6037a25ae7fb8c5500db7e96a58a7317c89e4;10930 West 44th Avenue;Não informado;Não informado;Não informado;10021418;1;Western;Wheatridge;US;CO;80033
7866b5a4bab59689fa3993c4abf5fbefce7b085a7154c2fedd5e5b680dd6d8df;PO Box 1005;Não informado;Não informado;Não informado;10012235;0;Canada;Winnipeg;CA;MB;R3C 2W7
ab2687f1f52fcec87a894eb4ab713145096c2b957876830f68770715f61892d9;300 Ingersoll Street;PO Box 1005;Não informado;Não informado;10011724;0;Canada;Ingersoll;CA;ON;N5C 4A6
3c1335e1a290fd30a3c348af158eb9016ebc68ca6ea27988076918ba9185c013;Brobekkveien 105;Não informado;Não informado;Não informado;10020672;5;International;N-0598 Oslo;IR;Não informado;Não informado
92c2d23f4fec5242bdaf767fea6129e185e8ed6b71660e72bedca1e8c6910f53;907 Cole Street;Não informado;Não informado;Não informado;10024743;1;Western;Enumclaw;US;WA;98022
8170a8d1c65a5fed489fd4aba357b5949c6a991448cb74771a7130f9830bc1d1;Landstrasse 18;Não informado;Não informado;Não informado;10022746;5;International;A 5102 Anthering;UK;Não informado;Não informado
